ticker,last_date,note
AGRO,2024-12-02,"ISS: is_traded=0, history_till=2025-08-18"
DIXY,2018-06-22,"ISS: is_traded=0, history_till=2018-06-27"
DSKY,2024-10-14,"ISS: is_traded=0, history_till=2025-02-17"
EONR,2016-06-30,"переименован в UPRO (renames.csv); ISS: is_traded=0, history_till=2016-06-30"
EPLN,2017-12-29,"ISS: is_traded=0, history_till=2017-12-29"
FIVE,2024-04-03,"ISS: is_traded=0, history_till=2024-11-22"
FIXP,2025-06-20,"ISS: is_traded=0, history_till=2025-08-05"
GLTR,2024-10-18,"ISS: is_traded=0, history_till=2024-11-11"
HHRU,2024-08-09,"переименован в HEAD (renames.csv); ISS: is_traded=0, history_till=2024-09-27"
LNTA,2022-04-13,"ISS: is_traded=0, history_till=2022-04-18"
MAIL,2021-12-13,"переименован в VKCO (renames.csv); ISS: is_traded=0, history_till=2021-12-13"
MFON,2019-05-29,"ISS: is_traded=0, history_till=2022-12-13"
MRKH,2013-12-30,"переименован в RSTI (renames.csv); ISS: is_traded=0, history_till=2013-10-24"
PGIL,2015-11-27,"ISS: is_traded=0, history_till=2015-12-03"
PHST,2016-11-23,"ISS: is_traded=0, history_till=2017-03-23"
POGR,2022-07-12,"ISS: is_traded=0, history_till=2022-07-20"
POLY,2024-09-23,"ISS: is_traded=0, history_till=2024-10-14"
QIWI,2025-11-17,"ISS: is_traded=0, history_till=2025-11-19"
RSTI,2022-12-20,"ISS: is_traded=0, history_till=2022-12-30"
RUALR,2017-08-08,"ISS: is_traded=0, history_till=2017-09-01"
TCSG,2024-11-27,"переименован в T (renames.csv); ISS: is_traded=0, history_till=2024-11-27"
TNBPP,2013-10-25,"ISS: is_traded=0, history_till=2013-10-25"
URKA,2019-09-17,"ISS: is_traded=0, history_till=2022-12-13"
VZRZ,2019-04-24,"ISS: is_traded=0, history_till=2021-06-10"
YNDX,2024-06-14,"переименован в YDEX (renames.csv); ISS: is_traded=0, history_till=2024-07-09"
