code,form,name_ru,name_en,share_negative,sign
line_1100,баланс,Итого внеоборотные активы,B_noncurrent_assets,0.0006486601564102592,положительная
line_1105,баланс,,B_goodwill,0.0,положительная
line_1110,баланс,Нематериальные активы,B_intangible_assets,0.00025022134965546443,положительная
line_1120,баланс,Результаты исследований и разработок,B_research_development,0.0007345739471106758,положительная
line_1130,баланс,Нематериальные поисковые активы,B_intangible_exploration,0.0,положительная
line_1140,баланс,Материальные поисковые активы,B_tangible_exploration,0.0011210762331838565,положительная
line_1150,баланс,Основные средства,B_fixed_assets,0.0007142030601237039,положительная
line_1160,баланс,Доходные вложения в материальные ценности,B_tangible_invest,0.00659726425372231,положительная
line_1170,баланс,Финансовые вложения (долгосрочные),B_fin_invest,0.0012775996306345623,положительная
line_1180,баланс,Отложенные налоговые активы,B_def_tax_assets,0.0006388848555249019,положительная
line_1190,баланс,Прочие внеоборотные активы,B_other_noncurrent_assets,0.00048210428879975317,положительная
line_1200,баланс,Итого оборотные активы,B_current_assets,0.0006266808027101898,положительная
line_1210,баланс,Запасы,B_inventories,0.00039032334587863973,положительная
line_1215,баланс,,B_longterm_assets_forsale,0.0,положительная
line_1220,баланс,НДС по приобретённым ценностям,B_vat_receivable,0.004145474432595023,положительная
line_1230,баланс,Дебиторская задолженность,B_accounts_receivable,0.0010901129712064524,положительная
line_1240,баланс,Финансовые вложения (краткосрочные),B_fin_invest,0.0025239412126994093,положительная
line_1250,баланс,Денежные средства и эквиваленты,B_cash_equivalents,0.0025313532090226647,положительная
line_1260,баланс,Прочие оборотные активы,B_other_current,0.0008983088911393692,положительная
line_1300,баланс,Итого капитал и резервы,B_total_equity,0.16190644762427334,любой знак
line_1310,баланс,Уставный капитал,B_charter_capital,0.0004316342467698424,положительная
line_1320,баланс,"Собственные акции, выкупленные у акционеров",B_treasury_shares,1.0,в скобках (отрицательная)
line_1330,баланс,,B_targeted_funds,0.05555555555555555,любой знак
line_1340,баланс,Переоценка внеоборотных активов,B_reval_assets,0.0029167354575972706,положительная
line_1350,баланс,Добавочный капитал (без переоценки),B_add_capital,0.06218676939257814,любой знак
line_1360,баланс,Резервный капитал,B_reserve_capital,0.0033747951017259665,положительная
line_1370,баланс,Нераспределённая прибыль (непокрытый убыток),B_retained_earnings,0.22396637916655626,любой знак
line_1400,баланс,Итого долгосрочные обязательства,B_longterm_liab,0.008912761769099128,положительная
line_1410,баланс,Заёмные средства (долгосрочные),B_longterm_debt,0.008528132760805775,положительная
line_1420,баланс,Отложенные налоговые обязательства,B_def_tax_liab,0.0021570881680158345,положительная
line_1430,баланс,Оценочные обязательства (долгосрочные),B_provision_liab,0.003771213073538655,положительная
line_1450,баланс,Прочие долгосрочные обязательства,B_other_liab,0.01514662888380183,любой знак
line_1500,баланс,Итого краткосрочные обязательства,B_shortterm_liab,0.0011507628145619117,положительная
line_1510,баланс,Заёмные средства (краткосрочные),B_shortterm_debt,0.012009868630681974,любой знак
line_1520,баланс,Кредиторская задолженность,B_shortterm_payables,0.0005602266861403858,положительная
line_1530,баланс,Доходы будущих периодов,B_def_income,0.005455988360558164,положительная
line_1540,баланс,Оценочные обязательства (краткосрочные),B_provision_liab,0.0018626457171819564,положительная
line_1550,баланс,Прочие краткосрочные обязательства,B_other_liab,0.0079062280444314,положительная
line_1600,баланс,Баланс (активы),B_assets,0.0005443888687703997,положительная
line_1700,баланс,Баланс (пассивы),B_liab,0.0005823942780713805,положительная
line_2110,финансовые результаты,Выручка,PL_revenue,0.00019737548842344225,положительная
line_2120,финансовые результаты,Себестоимость продаж,PL_cost_of_sales,1.0,в скобках (отрицательная)
line_2100,финансовые результаты,Валовая прибыль (убыток),PL_gross_profit,0.10088206877530681,любой знак
line_2210,финансовые результаты,Коммерческие расходы,PL_commercial_expenses,1.0,в скобках (отрицательная)
line_2220,финансовые результаты,Управленческие расходы,PL_management_expenses,1.0,в скобках (отрицательная)
line_2200,финансовые результаты,Прибыль (убыток) от продаж,PL_profit_from_sales,0.24146432967721643,любой знак
line_2310,финансовые результаты,Доходы от участия в других организациях,PL_income_participation,0.0031109037175299425,положительная
line_2320,финансовые результаты,Проценты к получению,PL_interest_receivable,0.00041950859630977095,положительная
line_2330,финансовые результаты,Проценты к уплате,PL_interest_payable,1.0,в скобках (отрицательная)
line_2340,финансовые результаты,Прочие доходы,PL_other_income,0.0024923372611609976,положительная
line_2350,финансовые результаты,Прочие расходы,PL_other_expenses,1.0,в скобках (отрицательная)
line_2300,финансовые результаты,Прибыль (убыток) до налогообложения,PL_before_tax,0.2433644368325846,любой знак
line_2410,финансовые результаты,Налог на прибыль,PL_income_tax,0.9737811147509624,любой знак
line_2411,финансовые результаты,Текущий налог на прибыль,PL_current_income_tax,1.0,в скобках (отрицательная)
line_2412,финансовые результаты,Отложенный налог на прибыль,PL_def_income_tax,0.39682060778826245,любой знак
line_2420,финансовые результаты,,PL_profitloss_discontinued_operations,NaN,в скобках (отрицательная)
line_2421,финансовые результаты,,PL_tax_liab,NaN,в скобках (отрицательная)
line_2430,финансовые результаты,,PL_change_def_tax_liab,NaN,в скобках (отрицательная)
line_2450,финансовые результаты,,PL_change_def_tax_assets,NaN,в скобках (отрицательная)
line_2460,финансовые результаты,Прочее,PL_other_factors,NaN,в скобках (отрицательная)
line_2400,финансовые результаты,Чистая прибыль (убыток),PL_net_profit,0.2604563778943246,любой знак
line_2510,финансовые результаты,,PL_reval,0.2815645671555939,любой знак
line_2520,финансовые результаты,,PL_other_operations,0.6422600172960508,любой знак
line_2530,финансовые результаты,,PL_income_tax_operations,0.776918500892326,любой знак
line_2500,финансовые результаты,Совокупный финансовый результат периода,PL_total,0.260623162692967,любой знак
line_2900,финансовые результаты,,PL_basic_earnings_share,NaN,в скобках (отрицательная)
line_2910,финансовые результаты,,PL_diluted_earnings_share,NaN,в скобках (отрицательная)
line_3100,изменения капитала,,Epp_equity,0.15916422757279894,любой знак
line_3101,изменения капитала,,Epp_equity_adjusted,NaN,в скобках (отрицательная)
line_3110,изменения капитала,,ADJ_policy_new,NaN,в скобках (отрицательная)
line_3120,изменения капитала,,ADJ_error_new,NaN,в скобках (отрицательная)
line_3210,изменения капитала,,Ep_incr,0.008304068936862894,положительная
line_3211,изменения капитала,,Ep_incr_net_profit,0.008093102042096678,положительная
line_3212,изменения капитала,,Ep_incr_asset_reval,0.04361939541489146,любой знак
line_3213,изменения капитала,,Ep_incr_income,0.01304812834224599,любой знак
line_3214,изменения капитала,,Ep_incr_add_share_issue,0.0020931449502878076,положительная
line_3215,изменения капитала,,Ep_incr_share_value,0.014301430143014302,любой знак
line_3216,изменения капитала,,Ep_incr_reorg,0.027563395810363836,любой знак
line_321x,изменения капитала,,Ep_incr_other,0.016778100163996466,любой знак
line_3220,изменения капитала,,Ep_decr,1.0,в скобках (отрицательная)
line_3221,изменения капитала,,Ep_decr_loss,1.0,в скобках (отрицательная)
line_3222,изменения капитала,,Ep_decr_asset_reval,1.0,в скобках (отрицательная)
line_3223,изменения капитала,,Ep_decr_expenses,1.0,в скобках (отрицательная)
line_3224,изменения капитала,,Ep_decr_share_value,1.0,в скобках (отрицательная)
line_3225,изменения капитала,,Ep_decr_shares_number,1.0,в скобках (отрицательная)
line_3226,изменения капитала,,Ep_decr_reorg,1.0,в скобках (отрицательная)
line_3227,изменения капитала,,Ep_decr_dividends,1.0,в скобках (отрицательная)
line_322x,изменения капитала,,Ep_decr_special,1.0,в скобках (отрицательная)
line_3230,изменения капитала,,Ep_change_add,0.29706646862235425,любой знак
line_3240,изменения капитала,,Ep_change_reserve,0.3755522827687776,любой знак
line_3250,изменения капитала,,Ep_analogous_period,NaN,в скобках (отрицательная)
line_3200,изменения капитала,,Ep_equity,0.16381834659148123,любой знак
line_3201,изменения капитала,,Ep_equity_adjusted,NaN,в скобках (отрицательная)
line_3310,изменения капитала,,E_incr,0.00835898972836008,положительная
line_3311,изменения капитала,,E_incr_net_profit,0.008472705358687804,положительная
line_3312,изменения капитала,,E_incr_asset_reval,0.030528476141611083,любой знак
line_3313,изменения капитала,,E_incr_income,0.010032154340836014,любой знак
line_3314,изменения капитала,,E_incr_add_share_issue,0.0028785261945883708,положительная
line_3315,изменения капитала,,E_incr_share_value,0.007462686567164179,положительная
line_3316,изменения капитала,,E_incr_reorg,0.02459016393442623,любой знак
line_331x,изменения капитала,,E_incr_other,0.008639892001349982,положительная
line_3320,изменения капитала,,E_decr,1.0,в скобках (отрицательная)
line_3321,изменения капитала,,E_decr_loss,1.0,в скобках (отрицательная)
line_3322,изменения капитала,,E_decr_asset_reval,1.0,в скобках (отрицательная)
line_3323,изменения капитала,,E_decr_expenses,1.0,в скобках (отрицательная)
line_3324,изменения капитала,,E_decr_share_value,1.0,в скобках (отрицательная)
line_3325,изменения капитала,,E_decr_shares_number,1.0,в скобках (отрицательная)
line_3326,изменения капитала,,E_decr_reorg,1.0,в скобках (отрицательная)
line_3327,изменения капитала,,E_decr_dividends,1.0,в скобках (отрицательная)
line_332x,изменения капитала,,E_decr_special,1.0,в скобках (отрицательная)
line_3330,изменения капитала,,E_change_add,0.28586800573888094,любой знак
line_3340,изменения капитала,,E_change_reserve,0.39634146341463417,любой знак
line_3300,изменения капитала,,E_equity,0.171860013744874,любой знак
line_3400,изменения капитала,,ADJ_equity_before,0.18316002062564454,любой знак
line_3410,изменения капитала,,ADJ_policy,0.4781844334345533,любой знак
line_3420,изменения капитала,,ADJ_error,0.5117344018317115,любой знак
line_3500,изменения капитала,,ADJ_equity_after,0.18391248944060248,любой знак
line_3401,изменения капитала,,ADJ_undistr_profit_before,0.25863380271290065,любой знак
line_3411,изменения капитала,,ADJ_undistr_profit_policy,0.47819743880693794,любой знак
line_3421,изменения капитала,,ADJ_undistr_profit_errors,0.5070588235294118,любой знак
line_3501,изменения капитала,,ADJ_undistr_profit_after,0.25876080351612046,любой знак
line_3402,изменения капитала,,ADJ_other_equity_before,0.008448060075093867,положительная
line_3412,изменения капитала,,ADJ_other_equity_policy,0.7051792828685259,любой знак
line_3422,изменения капитала,,ADJ_other_equity_errors,0.5726744186046512,любой знак
line_3502,изменения капитала,,ADJ_other_equity_after,0.017387290352361903,любой знак
line_3600,изменения капитала,Чистые активы,NA_net_assets,0.08396822823796402,любой знак
line_4110,движение денежных средств,Поступления от текущих операций,CFi_operating,0.0005716889324461409,положительная
line_4111,движение денежных средств,"от продажи продукции, товаров, работ и услуг",CFi_sales,0.0007283858870312861,положительная
line_4112,движение денежных средств,,CFi_payments,0.0002496789841632187,положительная
line_4113,движение денежных средств,,CFi_resale_invest,0.004690431519699813,положительная
line_4114,движение денежных средств,,CFi_interest_customers,NaN,в скобках (отрицательная)
line_411x,движение денежных средств,,CFi_firm_specific,0.00109204368174727,положительная
line_4119,движение денежных средств,,CFi_other,0.000336721931821826,положительная
line_4120,движение денежных средств,Платежи по текущим операциям,CFo_operating,1.0,в скобках (отрицательная)
line_4121,движение денежных средств,"поставщикам за сырьё, материалы, работы, услуги",CFo_materials,1.0,в скобках (отрицательная)
line_4122,движение денежных средств,в связи с оплатой труда работников,CFo_labor,1.0,в скобках (отрицательная)
line_4123,движение денежных средств,проценты по долговым обязательствам,CFo_interest,1.0,в скобках (отрицательная)
line_4124,движение денежных средств,налог на прибыль,CFo_income_tax,1.0,в скобках (отрицательная)
line_412x,движение денежных средств,,CFo_special,1.0,в скобках (отрицательная)
line_4129,движение денежных средств,,CFo_other,1.0,в скобках (отрицательная)
line_4100,движение денежных средств,Сальдо денежных потоков от текущих операций,CF_balance_operating,0.45806003267416057,любой знак
line_4210,движение денежных средств,Поступления от инвестиционных операций,CFi_invest,0.0008809463881198087,положительная
line_4211,движение денежных средств,,CFi_sale_noncurrent_assets,0.0005119745150463621,положительная
line_4212,движение денежных средств,,CFi_sale_shares,0.0004901960784313725,положительная
line_4213,движение денежных средств,,CFi_loan_repayments,0.000588198222801084,положительная
line_4214,движение денежных средств,,CFi_dividends_interest,0.00046761748889408465,положительная
line_421x,движение денежных средств,,CFi_invest_special,0.005246589716684155,положительная
line_4219,движение денежных средств,,CFi_invest_other,0.0007508447002878238,положительная
line_4220,движение денежных средств,Платежи по инвестиционным операциям,CFo_invest,1.0,в скобках (отрицательная)
line_4221,движение денежных средств,в связи с приобретением внеоборотных активов,CFo_acquisition_assets,1.0,в скобках (отрицательная)
line_4222,движение денежных средств,,CFo_acquisition_shares,1.0,в скобках (отрицательная)
line_4223,движение денежных средств,,CFo_acquisition_debt,1.0,в скобках (отрицательная)
line_4224,движение денежных средств,,CFo_interest_payments,1.0,в скобках (отрицательная)
line_422x,движение денежных средств,,CFo_invest_special,1.0,в скобках (отрицательная)
line_4229,движение денежных средств,,CFo_invest_other,1.0,в скобках (отрицательная)
line_4200,движение денежных средств,Сальдо денежных потоков от инвестиционных операций,CF_balance_invest,0.6367208728732077,любой знак
line_4310,движение денежных средств,Поступления от финансовых операций,CFi_fin,0.00025120894303837216,положительная
line_4311,движение денежных средств,получение кредитов и займов,CFi_loans,0.00016937669376693767,положительная
line_4312,движение денежных средств,,CFi_owner_contributions,0.00017482517482517483,положительная
line_4313,движение денежных средств,,CFi_share_issuance,0.0,положительная
line_4314,движение денежных средств,,CFi_bond_issuance,0.0,положительная
line_431x,движение денежных средств,,CFi_fin_special,0.0016910935738444193,положительная
line_4319,движение денежных средств,,CFi_fin_other,0.0005691519635742744,положительная
line_4320,движение денежных средств,Платежи по финансовым операциям,CFo_fin,1.0,в скобках (отрицательная)
line_4321,движение денежных средств,,CFo_payments_owners,1.0,в скобках (отрицательная)
line_4322,движение денежных средств,на уплату дивидендов и иных распределений прибыли,CFo_payments_dividends,1.0,в скобках (отрицательная)
line_4323,движение денежных средств,"в связи с погашением векселей, кредитов и займов",CFo_debt_repayments,1.0,в скобках (отрицательная)
line_432x,движение денежных средств,,CFo_fin_special,1.0,в скобках (отрицательная)
line_4329,движение денежных средств,,CFo_fin_other,1.0,в скобках (отрицательная)
line_4300,движение денежных средств,Сальдо денежных потоков от финансовых операций,CF_balance_fin,0.49748158043607166,любой знак
line_4400,движение денежных средств,Сальдо денежных потоков за отчётный период,CF_balance,0.4355727388774016,любой знак
line_4450,движение денежных средств,Остаток денежных средств на начало периода,C_balance_start,0.0032654213938054072,положительная
line_4500,движение денежных средств,Остаток денежных средств на конец периода,C_balance_end,0.04530314982589503,любой знак
line_4490,движение денежных средств,Влияние изменений курса иностранной валюты,C_foreign_currency_impact,0.2568980638197396,любой знак
line_6100,целевое использование средств,,PU_start,0.03271097965686922,любой знак
line_6210,целевое использование средств,,PU_entrance,0.0007537688442211055,положительная
line_6215,целевое использование средств,,PU_membership_fees,0.00006325510784995888,положительная
line_6220,целевое использование средств,,PU_designated,0.00018504206985882378,положительная
line_6230,целевое использование средств,,PU_voluntary,0.00009102494083378845,положительная
line_6240,целевое использование средств,,PU_income_activities,0.013048245614035088,любой знак
line_6250,целевое использование средств,,PU_income_other,0.001023872393166999,положительная
line_6200,целевое использование средств,,PU_total_received,0.0012193971242551152,положительная
line_6310,целевое использование средств,,PU_designated,1.0,в скобках (отрицательная)
line_6311,целевое использование средств,,PU_aid,1.0,в скобках (отрицательная)
line_6312,целевое использование средств,,PU_conference,1.0,в скобках (отрицательная)
line_6313,целевое использование средств,,PU_other_events,1.0,в скобках (отрицательная)
line_6320,целевое использование средств,,PU_administrative,1.0,в скобках (отрицательная)
line_6321,целевое использование средств,,PU_labor,1.0,в скобках (отрицательная)
line_6322,целевое использование средств,,PU_nonlabor,1.0,в скобках (отрицательная)
line_6323,целевое использование средств,,PU_travel,1.0,в скобках (отрицательная)
line_6324,целевое использование средств,,PU_maintenance,1.0,в скобках (отрицательная)
line_6325,целевое использование средств,,PU_repairs,1.0,в скобках (отрицательная)
line_6326,целевое использование средств,,PU_other_administrative,1.0,в скобках (отрицательная)
line_6330,целевое использование средств,,PU_acquisition_assets,1.0,в скобках (отрицательная)
line_6350,целевое использование средств,,PU_other_expenses,1.0,в скобках (отрицательная)
line_6300,целевое использование средств,,PU_total_expenses,1.0,в скобках (отрицательная)
line_6400,целевое использование средств,,PU_remaining,0.03673044106064584,любой знак
